{
  "S1": [
    [
      43.7065361,
      -79.5565283
    ],
    [
      43.7072985,
      -79.5558167
    ],
    [
      43.7078044,
      -79.5553067
    ],
    [
      43.7080244,
      -79.5550224
    ],
    [
      43.7082572,
      -79.5547131
    ]
  ],
  "S2": [
    [
      43.7082572,
      -79.5547131
    ],
    [
      43.7085276,
      -79.5542995
    ],
    [
      43.7088876,
      -79.5537105
    ],
    [
      43.7092087,
      -79.5530616
    ]
  ],
  "S3": [
    [
      43.7092087,
      -79.5530616
    ],
    [
      43.709487,
      -79.552307
    ],
    [
      43.7097041,
      -79.5515174
    ],
    [
      43.7105745,
      -79.5479652
    ],
    [
      43.7114441,
      -79.5443205
    ]
  ],
  "S4": [
    [
      43.7114441,
      -79.5443205
    ],
    [
      43.711694,
      -79.5433853
    ],
    [
      43.7128166,
      -79.5386339
    ],
    [
      43.7131586,
      -79.5372972
    ],
    [
      43.7138142,
      -79.5343928
    ]
  ],
  "S5": [
    [
      43.7138142,
      -79.5343928
    ],
    [
      43.7144725,
      -79.5314626
    ],
    [
      43.7148559,
      -79.5297902
    ],
    [
      43.7149103,
      -79.5295371
    ]
  ],
  "S6": [
    [
      43.7149103,
      -79.5295371
    ],
    [
      43.7155847,
      -79.5267118
    ],
    [
      43.7156548,
      -79.5263943
    ],
    [
      43.7159097,
      -79.5248931
    ],
    [
      43.7160579,
      -79.523696
    ]
  ],
  "S7": [
    [
      43.7160579,
      -79.523696
    ],
    [
      43.7161471,
      -79.5228253
    ],
    [
      43.7164945,
      -79.5193444
    ],
    [
      43.7168981,
      -79.5155496
    ],
    [
      43.7171316,
      -79.5132611
    ]
  ],
  "S8": [
    [
      43.7171316,
      -79.5132611
    ],
    [
      43.7174587,
      -79.510591
    ],
    [
      43.7177504,
      -79.5079766
    ],
    [
      43.7177951,
      -79.5075975
    ],
    [
      43.7179279,
      -79.5062542
    ]
  ],
  "S9": [
    [
      43.7179279,
      -79.5062542
    ],
    [
      43.7182187,
      -79.503612
    ],
    [
      43.7183894,
      -79.5023612
    ],
    [
      43.7184763,
      -79.5017459
    ]
  ],
  "S10": [
    [
      43.7184763,
      -79.5017459
    ],
    [
      43.7190839,
      -79.4981555
    ],
    [
      43.7197465,
      -79.4943196
    ],
    [
      43.7198732,
      -79.4936173
    ],
    [
      43.7202093,
      -79.4917256
    ]
  ],
  "S11": [
    [
      43.7202093,
      -79.4917256
    ],
    [
      43.7204969,
      -79.490447
    ],
    [
      43.7206746,
      -79.489657
    ],
    [
      43.7215692,
      -79.4860496
    ],
    [
      43.7217863,
      -79.4851713
    ]
  ],
  "S12": [
    [
      43.7217863,
      -79.4851713
    ],
    [
      43.7226299,
      -79.4817581
    ],
    [
      43.7229779,
      -79.4803368
    ],
    [
      43.7230749,
      -79.4799406
    ]
  ],
  "S13": [
    [
      43.7230749,
      -79.4799406
    ],
    [
      43.7236401,
      -79.4776321
    ],
    [
      43.7248352,
      -79.4727588
    ],
    [
      43.7249511,
      -79.4723289
    ],
    [
      43.7254832,
      -79.4699478
    ]
  ],
  "S14": [
    [
      43.7254832,
      -79.4699478
    ],
    [
      43.7263887,
      -79.4657077
    ],
    [
      43.727098,
      -79.4623614
    ],
    [
      43.7273439,
      -79.4612016
    ],
    [
      43.7280368,
      -79.4580968
    ]
  ],
  "S15": [
    [
      43.7280368,
      -79.4580968
    ],
    [
      43.7281212,
      -79.4577074
    ],
    [
      43.7283843,
      -79.4564802
    ],
    [
      43.7284388,
      -79.4562242
    ],
    [
      43.7290574,
      -79.4533172
    ]
  ],
  "S16": [
    [
      43.7290574,
      -79.4533172
    ],
    [
      43.7301278,
      -79.4483913
    ],
    [
      43.730687,
      -79.4457353
    ],
    [
      43.7310366,
      -79.444079
    ]
  ],
  "S17": [
    [
      43.7310366,
      -79.444079
    ],
    [
      43.731148,
      -79.443628
    ],
    [
      43.7312595,
      -79.4432019
    ],
    [
      43.7314253,
      -79.4426309
    ],
    [
      43.7315928,
      -79.4421022
    ]
  ],
  "S18": [
    [
      43.7315928,
      -79.4421022
    ],
    [
      43.7317565,
      -79.4416477
    ],
    [
      43.7319282,
      -79.4412094
    ],
    [
      43.7320874,
      -79.4408308
    ],
    [
      43.7322535,
      -79.4404647
    ]
  ],
  "S19": [
    [
      43.7322535,
      -79.4404647
    ],
    [
      43.7324029,
      -79.4401643
    ],
    [
      43.7325585,
      -79.4398681
    ],
    [
      43.7327585,
      -79.4394929
    ]
  ],
  "S20": [
    [
      43.7327585,
      -79.4394929
    ],
    [
      43.7329657,
      -79.4391237
    ],
    [
      43.7332084,
      -79.4387049
    ],
    [
      43.7336332,
      -79.4379865
    ]
  ]
}