{
  "S1": [
    [43.7164945, -79.5193444],
    [43.7161471, -79.5228253]
  ],
  "S2": [
    [43.7161471, -79.5228253],
    [43.7160579, -79.523696],
    [43.7159097, -79.5248931]
  ],
  "S3": [
    [43.7159097, -79.5248931],
    [43.7156548, -79.5263943],
    [43.7155847, -79.5267118]
  ],
  "S4": [
    [43.7155847, -79.5267118],
    [43.7149103, -79.5295371],
    [43.7148559, -79.5297902]
  ],
  "S5": [
    [43.7184763, -79.5017459],
    [43.7183894, -79.5023612],
    [43.7182187, -79.503612]
  ],
  "S6": [
    [43.7182187, -79.503612],
    [43.7179279, -79.5062542],
    [43.7177951, -79.5075975]
  ],
  "S7": [
    [43.7177951, -79.5075975],
    [43.7177504, -79.5079766],
    [43.7174587, -79.510591]
  ],
  "S8": [
    [43.7174587, -79.510591],
    [43.7171316, -79.5132611],
    [43.7168981, -79.5155496]
  ],
  "S9": [
    [43.7206746, -79.489657],
    [43.7204969, -79.490447]
  ],
  "S10": [
    [43.7204969, -79.490447],
    [43.7202093, -79.4917256]
  ],
  "S11": [
    [43.7202093, -79.4917256],
    [43.7198732, -79.4936173]
  ],
  "S12": [
    [43.7198732, -79.4936173],
    [43.7197465, -79.4943196],
    [43.7190839, -79.4981555]
  ],
  "S13": [
    [43.7236401, -79.4776321],
    [43.7230749, -79.4799406]
  ],
  "S14": [
    [43.7230749, -79.4799406],
    [43.7229779, -79.4803368]
  ],
  "S15": [
    [43.7229779, -79.4803368],
    [43.7226299, -79.4817581]
  ],
  "S16": [
    [43.7226299, -79.4817581],
    [43.7217863, -79.4851713],
    [43.7215692, -79.4860496]
  ],
  "S17": [
    [43.7284388, -79.4562242],
    [43.7283843, -79.4564802],
    [43.7281212, -79.4577074]
  ],
  "S18": [
    [43.7281212, -79.4577074],
    [43.7280368, -79.4580968],
    [43.7273439, -79.4612016]
  ],
  "S19": [
    [43.7273439, -79.4612016],
    [43.727098,  -79.4623614],
    [43.7263887, -79.4657077]
  ],
  "S20": [
    [43.7263887, -79.4657077],
    [43.7254832, -79.4699478],
    [43.7249511, -79.4723289],
    [43.7248352, -79.4727588]
  ]
}